term,definition
Idea Generation,Creative process of generating new methods to solve problems and improve products or company conditions
Ideation,Process of creating and developing ideas
Dreamer Stage,Ideas flow freely without criticism or judgment
Designer Stage,Analyzes ideas and explores feasibility
Detailer Stage,Identifies potential problems before execution
Entrepreneurial Mind Frame,Optimistic mindset during crises despite risks
Entrepreneurial Heart Flame,Passion in fulfilling vision and mission
Entrepreneurial Gut Game,Intuition-based decision-making showing confidence and courage
Imitation of Successful Ideas,Adapting ideas that already work
Addressing Problems,Creating practical solutions to existing issues
Recycling Transformation,Turning waste into valuable goods
Daydreaming,Using imagination to generate ideas
Product or Service Improvement,Enhancing strengths and overcoming limitations
Hobby-Based Business,Turning hobbies into profitable ventures
Opportunity Seeking,Identifying potential business opportunities
Opportunity Screening,Evaluating and selecting the best opportunities
Opportunity Seizing,Executing opportunities for business success
Environmental Changes,Natural or human-induced changes affecting opportunities
Technological Progress,Advances creating new business opportunities
People’s Interest,Preferences and hobbies indicating market demand
